ID,Species,Species/Cultivar (*Texas Native),Common Name,Type (category),°F,°C,Zone,Drought,Wet Cold,Light,Example,Source,Notes,Native Range
1,Agave,“Baccarat”,,,0,-18,,,,,,Cold tolerance of agaves (succulentsandmore.com),,
2,Agave,“Blue Flame”,,,25,-4,,,,,,Cold tolerance of agaves (succulentsandmore.com),,
3,Agave,“Blue Glow”,,,25,-4,,,,,,Cold tolerance of agaves (succulentsandmore.com),,
4,Agave,americana “Cornelius”,,,15,-9,,,,,,Cold tolerance of agaves (succulentsandmore.com),,
5,Agave,applanata “Cream Spike”,,,20,-7,,,,,,Cold tolerance of agaves (succulentsandmore.com),,
6,Agave,“Joe Hoak”,,,28,-2,,,,,,Cold tolerance of agaves (succulentsandmore.com),,
7,Agave,“Kichijokan”,,,30,-1,,,,,,Cold tolerance of agaves (succulentsandmore.com),,
8,Agave,“Kissho Kan”,,,30,-1,,,,,,Cold tolerance of agaves (succulentsandmore.com),,
9,Agave,“Mateo”,,,20,-7,,,,,,Cold tolerance of agaves (succulentsandmore.com),,
10,Agave,“Mr Ripple”,,,10,-12,,,,,,Cold tolerance of agaves (succulentsandmore.com),,
11,Agave,“Royal Spine”,,,20,-7,,,,,,Cold tolerance of agaves (succulentsandmore.com),,
12,Agave,“Sharkskin”,,,10,-12,,,,,,Cold tolerance of agaves (succulentsandmore.com),,
13,Agave,“Snow Glow”,,,25,-4,,,,,,Cold tolerance of agaves (succulentsandmore.com),,
14,Agave,x arizonica,,,0,-18,,,,,,Cold tolerance of agaves (succulentsandmore.com),,
15,Agave,“leopoldii”,,,20,-7,,,,,,Cold tolerance of agaves (succulentsandmore.com),,
16,Agave,albopilosa,,,20,-7,,,,,,Cold tolerance of agaves (succulentsandmore.com),,
17,Agave,americana & cultivars,,,15,-9,,,,,,Cold tolerance of agaves (succulentsandmore.com),,
18,Agave,angustifolia,,,28,-2,,,,,,Cold tolerance of agaves (succulentsandmore.com),,
19,Agave,applanata,Grey Agave?,,10,-12,,,,,,Cold tolerance of agaves (succulentsandmore.com),,
20,Agave,asperrima [scabra],,,10,-12,,,,,,Cold tolerance of agaves (succulentsandmore.com),,
21,Agave,attenuata & cultivars,Fox Tail Agave,,28,-2,,,,,,Cold tolerance of agaves (succulentsandmore.com),,
22,Agave,bovicornuta,,,25,-4,,,,,,Cold tolerance of agaves (succulentsandmore.com),,
23,Agave,bracteosa,,,10,-12,,,,,,Cold tolerance of agaves (succulentsandmore.com),,
24,Agave,cerulata,,,15,-9,,,,,,Cold tolerance of agaves (succulentsandmore.com),,
25,Agave,chazaroi,,,32,0,,,,,,Cold tolerance of agaves (succulentsandmore.com),,
26,Agave,chiapensis,,,28,-2,,,,,,Cold tolerance of agaves (succulentsandmore.com),,
27,Agave,chrysantha,,,10,-12,,,,,,Cold tolerance of agaves (succulentsandmore.com),,
28,Agave,chrysoglossa,,,28,-2,,,,,,Cold tolerance of agaves (succulentsandmore.com),,
29,Agave,colimana,,,32,0,,,,,,Cold tolerance of agaves (succulentsandmore.com),,
30,Agave,colorata,,,15,-9,,,,,,Cold tolerance of agaves (succulentsandmore.com),,
31,Agave,cupreata,,,25,-4,,,,,,Cold tolerance of agaves (succulentsandmore.com),,
32,Agave,dasyliroides,,,28,-2,,,,,,Cold tolerance of agaves (succulentsandmore.com),,
33,Agave,datylio,,,25,-4,,,,,,Cold tolerance of agaves (succulentsandmore.com),,
34,Agave,deserti,,,10,-12,,,,,,Cold tolerance of agaves (succulentsandmore.com),,
35,Agave,desmetiana,,,28,-2,,,,,,Cold tolerance of agaves (succulentsandmore.com),,
36,Agave,desmetiana (variegated),,,28,-2,,,,,,Cold tolerance of agaves (succulentsandmore.com),,
37,Agave,durangensis,,,0,-18,,,,,,Cold tolerance of agaves (succulentsandmore.com),,
38,Agave,ellemetiana,,,30,-1,,,,,,Cold tolerance of agaves (succulentsandmore.com),,
39,Agave,felgeri,,,25,-4,,,,,,Cold tolerance of agaves (succulentsandmore.com),,
40,Agave,filifera,,,15,-9,,,,,,Cold tolerance of agaves (succulentsandmore.com),,
41,Agave,flexispina,,,15,-9,,,,,,Cold tolerance of agaves (succulentsandmore.com),,
42,Agave,fourcroydes,,,25-28,-2 - -4,,,,,,Cold tolerance of agaves (succulentsandmore.com),,
44,Agave,franzosinii,,,15,-9,,,,,,Cold tolerance of agaves (succulentsandmore.com),,
45,Agave,funkiana,,,0,-18,,,,,,Cold tolerance of agaves (succulentsandmore.com),,
46,Agave,geminiflora,,,25,-4,,,,,,Cold tolerance of agaves (succulentsandmore.com),,
47,Agave,gentryi,,,5,-15,,,,,,Cold tolerance of agaves (succulentsandmore.com),,
48,Agave,ghiesbreghtii,,,20,-7,,,,,,Cold tolerance of agaves (succulentsandmore.com),,
49,Agave,gigantensis,,,25,-4,,,,,,Cold tolerance of agaves (succulentsandmore.com),,
50,Agave,gracilipes,,,-15,-26,,,,,,Cold tolerance of agaves (succulentsandmore.com),,
51,Agave,guadalajarana,,,25,-4,,,,,,Cold tolerance of agaves (succulentsandmore.com),,
52,Agave,guiengola,,,28,-2,,,,,,Cold tolerance of agaves (succulentsandmore.com),,
53,Agave,guiengola “creme brule”,,,30,-1,,,,,,Cold tolerance of agaves (succulentsandmore.com),,
54,Agave,gypsophila,,,25,-4,,,,,,Cold tolerance of agaves (succulentsandmore.com),,
55,Agave,havardiana,,,-10,-23,,,,,,Cold tolerance of agaves (succulentsandmore.com),,
56,Agave,horrida var. horrida,,,30,-1,,,,,,Cold tolerance of agaves (succulentsandmore.com),,
57,Agave,horrida var. perotensis,,,20,-7,,,,,,Cold tolerance of agaves (succulentsandmore.com),,
58,Agave,impressa,,,30,-1,,,,,,Cold tolerance of agaves (succulentsandmore.com),,
59,Agave,isthmensis,,,28,-2,,,,,,Cold tolerance of agaves (succulentsandmore.com),,
60,Agave,lechuguilla,,,-10,-23,,,,,,Cold tolerance of agaves (succulentsandmore.com),,
61,Agave,lophantha,,,5,-15,,,,,,Cold tolerance of agaves (succulentsandmore.com),,
62,Agave,lophantha “Quadricolor”,,,15,-9,,,,,,Cold tolerance of agaves (succulentsandmore.com),,
63,Agave,lophantha “Splendida”,,,0,-18,,,,,,Cold tolerance of agaves (succulentsandmore.com),,
64,Agave,macroacantha,,,25,-4,,,,,,Cold tolerance of agaves (succulentsandmore.com),,
65,Agave,mapisaga var. lisa,,,20,-7,,,,,,Cold tolerance of agaves (succulentsandmore.com),,
66,Agave,marmorata,,,25,-4,,,,,,Cold tolerance of agaves (succulentsandmore.com),,
67,Agave,mckelveyana,,,-10,-23,,,,,,Cold tolerance of agaves (succulentsandmore.com),,
68,Agave,mitis [celsii],,,20,-7,,,,,,Cold tolerance of agaves (succulentsandmore.com),,
69,Agave,montana,,,10,-12,,,,,,Cold tolerance of agaves (succulentsandmore.com),,
70,Agave,multifilifera,,,15,-9,,,,,,Cold tolerance of agaves (succulentsandmore.com),,
71,Agave,murpheyi,,,10,-12,,,,,,Cold tolerance of agaves (succulentsandmore.com),,
72,Agave,murpheyi “Engard”,,,10,-12,,,,,,Cold tolerance of agaves (succulentsandmore.com),,
73,Agave,nickelsiae [ferdinandi-regis],,,10,-12,,,,,,Cold tolerance of agaves (succulentsandmore.com),,
74,Agave,ocahui,,,15,-9,,,,,,Cold tolerance of agaves (succulentsandmore.com),,
75,Agave,ornithobroma,,,25,-4,,,,,,Cold tolerance of agaves (succulentsandmore.com),,
76,Agave,ovatifolia,Whales tongue,,5,-15,,,,,,Cold tolerance of agaves (succulentsandmore.com),,
77,Agave,palmeri,,,10,-12,,,,,,Cold tolerance of agaves (succulentsandmore.com),,
78,Agave,parrasana,,,10,-12,,,,,,Cold tolerance of agaves (succulentsandmore.com),,
79,Agave,parryi var. truncata,,,10,-12,,,,,,Cold tolerance of agaves (succulentsandmore.com),,
80,Agave,parryi ssp. neomexicana,,,0,-18,,,,,,Cold tolerance of agaves (succulentsandmore.com),,
81,Agave,parryi var. couesii,,,0,-18,,,,,,Cold tolerance of agaves (succulentsandmore.com),,
82,Agave,parryi var. huachucensis,,,10,-12,,,,,,Cold tolerance of agaves (succulentsandmore.com),,
83,Agave,parryi var. parryi,,,-20,-29,,,,,,Cold tolerance of agaves (succulentsandmore.com),,
84,Agave,parviflora,,,15,-9,,,,,,Cold tolerance of agaves (succulentsandmore.com),,
85,Agave,peacockii,,,25,-4,,,,,,Cold tolerance of agaves (succulentsandmore.com),,
86,Agave,pedunculifera,,,28,-2,,,,,,Cold tolerance of agaves (succulentsandmore.com),,
87,Agave,pelona,,,15,-9,,,,,,Cold tolerance of agaves (succulentsandmore.com),,
88,Agave,petrophila,,,30,-1,,,,,,Cold tolerance of agaves (succulentsandmore.com),,
89,Agave,polianthiflora,,,0,-18,,,,,,Cold tolerance of agaves (succulentsandmore.com),,
90,Agave,polyacantha,,,10,-12,,,,,,Cold tolerance of agaves (succulentsandmore.com),,
91,Agave,potatorum,,,28,-2,,,,,,Cold tolerance of agaves (succulentsandmore.com),,
92,Agave,isthmensis “Rum Runner”,,,30,-1,,,,,,Cold tolerance of agaves (succulentsandmore.com),,
93,Agave,potrerana,,,15,-9,,,,,,Cold tolerance of agaves (succulentsandmore.com),,
94,Agave,pumila,,,20,-7,,,,,,Cold tolerance of agaves (succulentsandmore.com),,
95,Agave,salmiana var. ferox,,,5,-15,,,,,,Cold tolerance of agaves (succulentsandmore.com),,
96,Agave,schidigera,all cultivars,,20,-7,,,,,,Cold tolerance of agaves (succulentsandmore.com),,
97,Agave,schottii,,,-5,-21,,,,,,Cold tolerance of agaves (succulentsandmore.com),,
98,Agave,sebastiana,,,25,-4,,,,,,Cold tolerance of agaves (succulentsandmore.com),,
99,Agave,seemanniana,,,20,-7,,,,,,Cold tolerance of agaves (succulentsandmore.com),,
100,Agave,havardiana,,,,,(6b - 10b),,,,,Cactus King (https://thecactusking.com/plants/all-plants/cold-hardy-speciesusda-hardiness-zones),,
101,Agave,montana var. Baccarat,,,,,(7 - 11),,,,,Cactus King (https://thecactusking.com/plants/all-plants/cold-hardy-speciesusda-hardiness-zones),,
102,Agave,ovatifolia,Whales tongue,,,,(7 - 10),,,,,Cactus King (https://thecactusking.com/plants/all-plants/cold-hardy-speciesusda-hardiness-zones),,
103,Agave,sharkskin,,,,,(7b - 10b),,,,,Cactus King (https://thecactusking.com/plants/all-plants/cold-hardy-speciesusda-hardiness-zones),,
104,Dasylirion,texanum,Texas Sotal,,,,(7a - 11),,,,,Cactus King (https://thecactusking.com/plants/all-plants/cold-hardy-speciesusda-hardiness-zones),,
105,Echinocereus,coccineus,Claret Cup/Scarlet Hedgehog Cactus,,,,(8a - 11),,,,,Cactus King (https://thecactusking.com/plants/all-plants/cold-hardy-speciesusda-hardiness-zones),,
106,Echinocereus,rigidissimus,Arizona Rainbow Cactus,,,,(9a - 11),,,,,Cactus King (https://thecactusking.com/plants/all-plants/cold-hardy-speciesusda-hardiness-zones),,
107,Echinocereus,triglochidiatus,King cup cactus,,,,(9 - 11),,,,,Cactus King (https://thecactusking.com/plants/all-plants/cold-hardy-speciesusda-hardiness-zones),,
108,Hesperaloe,parviflora,Red Yucca,,,,(5 - 10),,,,,Cactus King (https://thecactusking.com/plants/all-plants/cold-hardy-speciesusda-hardiness-zones),,
109,Opuntia,basilaris,Beaver Tail Cactus,,,,4,,,,,Cactus King (https://thecactusking.com/plants/all-plants/cold-hardy-speciesusda-hardiness-zones),,
110,Opuntia,gosseliniana var. Santa Rita,,,,,(7 - 11),,,,,Cactus King (https://thecactusking.com/plants/all-plants/cold-hardy-speciesusda-hardiness-zones),,
111,Opuntia,macrocentra,,,,,(8b - 11),,,,,Cactus King (https://thecactusking.com/plants/all-plants/cold-hardy-speciesusda-hardiness-zones),,
112,Yucca,aloifolia “Marginata”,,,,,(7a - 11),,,,,Cactus King (https://thecactusking.com/plants/all-plants/cold-hardy-speciesusda-hardiness-zones),,
113,Yucca,gloriosa “Marginata”,,,,,(6a - 9b),,,,,Cactus King (https://thecactusking.com/plants/all-plants/cold-hardy-speciesusda-hardiness-zones),,
114,Yucca,lindheimeriana,,,,,(5b - 10),,,,,Cactus King (https://thecactusking.com/plants/all-plants/cold-hardy-speciesusda-hardiness-zones),,
115,Yucca,rigida,,,,,(7a),,,,,Cactus King (https://thecactusking.com/plants/all-plants/cold-hardy-speciesusda-hardiness-zones),,
116,Yucca,rostrata,,,,,(5b - 11),,,,,Cactus King (https://thecactusking.com/plants/all-plants/cold-hardy-speciesusda-hardiness-zones),,
117,Yucca,thompsoniana,,,,,(7b - 11),,,,,Cactus King (https://thecactusking.com/plants/all-plants/cold-hardy-speciesusda-hardiness-zones),,
118,Fouquieria,splendens*,ocotillo,,10,-12,,,,,,Austin Cacti & Succulent Society (https://www.austincss.com/Resources/Documents/Cold%20Hardy%20Cacti%20and%20Succulents%2003-11.pdf),,
119,Graptopetalum,paraguayense,ghost plant,,at least 18,-8,,,,,,Austin Cacti & Succulent Society (https://www.austincss.com/Resources/Documents/Cold%20Hardy%20Cacti%20and%20Succulents%2003-11.pdf),,
120,Hechtia,texensis*,,,15,-9,,,,,,Austin Cacti & Succulent Society (https://www.austincss.com/Resources/Documents/Cold%20Hardy%20Cacti%20and%20Succulents%2003-11.pdf),,
121,Hesperaloe,funifera,giant red yucca,,10,-12,,,,,,Austin Cacti & Succulent Society (https://www.austincss.com/Resources/Documents/Cold%20Hardy%20Cacti%20and%20Succulents%2003-11.pdf),,
122,Hesperaloe,nocturna,night blooming hesperaloe,,10,-12,,,,,,Austin Cacti & Succulent Society (https://www.austincss.com/Resources/Documents/Cold%20Hardy%20Cacti%20and%20Succulents%2003-11.pdf),,
123,Hesperaloe,parviflora*,red yucca,,-20,-29,,,,,,Austin Cacti & Succulent Society (https://www.austincss.com/Resources/Documents/Cold%20Hardy%20Cacti%20and%20Succulents%2003-11.pdf),,
124,Manfreda,maculosa,Texas tuberose,,10,-12,,,,,,Austin Cacti & Succulent Society (https://www.austincss.com/Resources/Documents/Cold%20Hardy%20Cacti%20and%20Succulents%2003-11.pdf),Root hardy if top freezes,
125,Manfreda,virginica,,,-20,-29,,,,,,Austin Cacti & Succulent Society (https://www.austincss.com/Resources/Documents/Cold%20Hardy%20Cacti%20and%20Succulents%2003-11.pdf),,
126,Mangave (Manfreda),“Macho Mocha”,,,9,-13,,,,,,Austin Cacti & Succulent Society (https://www.austincss.com/Resources/Documents/Cold%20Hardy%20Cacti%20and%20Succulents%2003-11.pdf),,
127,Nolina,lindheimeriana*,Devil’s shoe string,,15,-9,,,,,,Austin Cacti & Succulent Society (https://www.austincss.com/Resources/Documents/Cold%20Hardy%20Cacti%20and%20Succulents%2003-11.pdf),,
128,Nolina,matapensis,Sonoran tree bear grass,,15,-9,,,,,,Austin Cacti & Succulent Society (https://www.austincss.com/Resources/Documents/Cold%20Hardy%20Cacti%20and%20Succulents%2003-11.pdf),,
129,Nolina,microcarpa*,bear grass,,-15,-26,,,,,,Austin Cacti & Succulent Society (https://www.austincss.com/Resources/Documents/Cold%20Hardy%20Cacti%20and%20Succulents%2003-11.pdf),,
130,Nolina,nelsonii,blue nolina,,10,-12,,,,,,Austin Cacti & Succulent Society (https://www.austincss.com/Resources/Documents/Cold%20Hardy%20Cacti%20and%20Succulents%2003-11.pdf),,
131,Nolina,texana*,bear grass,,-15,-26,,,,,,Austin Cacti & Succulent Society (https://www.austincss.com/Resources/Documents/Cold%20Hardy%20Cacti%20and%20Succulents%2003-11.pdf),,
132,Sedum,ALL,stonecrop,,varies,,,,,,,Austin Cacti & Succulent Society (https://www.austincss.com/Resources/Documents/Cold%20Hardy%20Cacti%20and%20Succulents%2003-11.pdf),Not all are cold hardy,
133,Yucca,aloifolia,,,0,-18,,,,,,Austin Cacti & Succulent Society (https://www.austincss.com/Resources/Documents/Cold%20Hardy%20Cacti%20and%20Succulents%2003-11.pdf),,
134,Yucca,baccata,,,-20,-29,,,,,,Austin Cacti & Succulent Society (https://www.austincss.com/Resources/Documents/Cold%20Hardy%20Cacti%20and%20Succulents%2003-11.pdf),,
135,Yucca,elata,,,-10,-23,,,,,,Austin Cacti & Succulent Society (https://www.austincss.com/Resources/Documents/Cold%20Hardy%20Cacti%20and%20Succulents%2003-11.pdf),,
136,Yucca,faxoniana*,Spanish dagger,,0,-18,,,,,,Austin Cacti & Succulent Society (https://www.austincss.com/Resources/Documents/Cold%20Hardy%20Cacti%20and%20Succulents%2003-11.pdf),,
137,Yucca,glauca*,soapweed yucca,,-35,-37,,,,,,Austin Cacti & Succulent Society (https://www.austincss.com/Resources/Documents/Cold%20Hardy%20Cacti%20and%20Succulents%2003-11.pdf),,
138,Yucca,gloriosa,soft-tipped yucca,,22,-6,,,,,,Austin Cacti & Succulent Society (https://www.austincss.com/Resources/Documents/Cold%20Hardy%20Cacti%20and%20Succulents%2003-11.pdf),Deer sometimes eat,
139,Yucca,pallida*,,,0,-18,,,,,,Austin Cacti & Succulent Society (https://www.austincss.com/Resources/Documents/Cold%20Hardy%20Cacti%20and%20Succulents%2003-11.pdf),,
140,Yucca,recurvifolia,,,0,-18,,,,,,Austin Cacti & Succulent Society (https://www.austincss.com/Resources/Documents/Cold%20Hardy%20Cacti%20and%20Succulents%2003-11.pdf),,
141,Yucca,rigida,,,5,-15,,,,,,Austin Cacti & Succulent Society (https://www.austincss.com/Resources/Documents/Cold%20Hardy%20Cacti%20and%20Succulents%2003-11.pdf),,
142,Yucca,rostrata*,beaked yucca,,5,-15,,,,,,Austin Cacti & Succulent Society (https://www.austincss.com/Resources/Documents/Cold%20Hardy%20Cacti%20and%20Succulents%2003-11.pdf),,
143,Yucca,rupicola*,twisted leaf yucca,,0,-18,,,,,,Austin Cacti & Succulent Society (https://www.austincss.com/Resources/Documents/Cold%20Hardy%20Cacti%20and%20Succulents%2003-11.pdf),,
144,Yucca,thompsoniana*,Thompson’s yucca,,5,-15,,,,,,Austin Cacti & Succulent Society (https://www.austincss.com/Resources/Documents/Cold%20Hardy%20Cacti%20and%20Succulents%2003-11.pdf),,
145,Yucca,treculeana*,Spanish dagger,,10,-12,,,,,,Austin Cacti & Succulent Society (https://www.austincss.com/Resources/Documents/Cold%20Hardy%20Cacti%20and%20Succulents%2003-11.pdf),,
146,Ariocarpus,fissuratus*,living rock,,15,-9,,,,,,Austin Cacti & Succulent Society (https://www.austincss.com/Resources/Documents/Cold%20Hardy%20Cacti%20and%20Succulents%2003-11.pdf),Provide excellent drainage,
147,Astrophytum,asterias*,"star cactus, sand dollar cactus",,20,-7,,,,,,Austin Cacti & Succulent Society (https://www.austincss.com/Resources/Documents/Cold%20Hardy%20Cacti%20and%20Succulents%2003-11.pdf),,
148,Astrophytum,capricorne,goat’s horn cactus,,20,-7,,,,,,Austin Cacti & Succulent Society (https://www.austincss.com/Resources/Documents/Cold%20Hardy%20Cacti%20and%20Succulents%2003-11.pdf),,
149,Astrophytum,myriostigma,,,20,-7,,,,,,Austin Cacti & Succulent Society (https://www.austincss.com/Resources/Documents/Cold%20Hardy%20Cacti%20and%20Succulents%2003-11.pdf),,
150,Astrophytum,ornatum,monk’s hood cactus,,18,-8,,,,,,Austin Cacti & Succulent Society (https://www.austincss.com/Resources/Documents/Cold%20Hardy%20Cacti%20and%20Succulents%2003-11.pdf),,
151,Coryphantha,sulcata*,,,10,-12,,,,,,Austin Cacti & Succulent Society (https://www.austincss.com/Resources/Documents/Cold%20Hardy%20Cacti%20and%20Succulents%2003-11.pdf),,
152,Cylindropuntia,imbricata*,tree cholla,,10,-12,,,,,,Austin Cacti & Succulent Society (https://www.austincss.com/Resources/Documents/Cold%20Hardy%20Cacti%20and%20Succulents%2003-11.pdf),,
153,Cylindropuntia,leptocaulis*,Christmas cholla,,10,-12,,,,,,Austin Cacti & Succulent Society (https://www.austincss.com/Resources/Documents/Cold%20Hardy%20Cacti%20and%20Succulents%2003-11.pdf),,
154,Cylindropuntia,spinosior,cane cholla,,10,-12,,,,,,Austin Cacti & Succulent Society (https://www.austincss.com/Resources/Documents/Cold%20Hardy%20Cacti%20and%20Succulents%2003-11.pdf),,
155,Denmoza,rhodacantha,,,20,-7,,,,,,Austin Cacti & Succulent Society (https://www.austincss.com/Resources/Documents/Cold%20Hardy%20Cacti%20and%20Succulents%2003-11.pdf),,
156,Echinocactus,grusonii,golden barrel,,15,-9,,,,,,Austin Cacti & Succulent Society (https://www.austincss.com/Resources/Documents/Cold%20Hardy%20Cacti%20and%20Succulents%2003-11.pdf),,
157,Echinocactus,horizonthalonius*,eagle claw,,10,-12,,,,,,Austin Cacti & Succulent Society (https://www.austincss.com/Resources/Documents/Cold%20Hardy%20Cacti%20and%20Succulents%2003-11.pdf),,
158,Echinocactus,texensis*,horse-crippler,,0,-18,,,,,,Austin Cacti & Succulent Society (https://www.austincss.com/Resources/Documents/Cold%20Hardy%20Cacti%20and%20Succulents%2003-11.pdf),,
159,Echinocereus,coccineus*,"claret cup, (E. triglochidiatus)",,0,-18,,,,,,Austin Cacti & Succulent Society (https://www.austincss.com/Resources/Documents/Cold%20Hardy%20Cacti%20and%20Succulents%2003-11.pdf),Provide excellent drainage,
160,Echinocereus,dasyacanthus*,"Texas rainbow hedgehog, yellow pitaya",,0,-18,,,,,,Austin Cacti & Succulent Society (https://www.austincss.com/Resources/Documents/Cold%20Hardy%20Cacti%20and%20Succulents%2003-11.pdf),Provide excellent drainage,
161,Echinocereus,enneacanthus*,strawberry cactus,,15,-9,,,,,,Austin Cacti & Succulent Society (https://www.austincss.com/Resources/Documents/Cold%20Hardy%20Cacti%20and%20Succulents%2003-11.pdf),,
162,Echinocereus,pentalophus* alicoche,lady-finger cactus,,18,-8,,,,,,Austin Cacti & Succulent Society (https://www.austincss.com/Resources/Documents/Cold%20Hardy%20Cacti%20and%20Succulents%2003-11.pdf),,
163,Echinocereus,reichenbachii*,lace cactus,,0,-18,,,,,,Austin Cacti & Succulent Society (https://www.austincss.com/Resources/Documents/Cold%20Hardy%20Cacti%20and%20Succulents%2003-11.pdf),Provide excellent drainage,
164,Echinocereus,rigidissimus, (ssp. rubispinus) Arizona rainbow hedgehog,,15,-9,,,,,,Austin Cacti & Succulent Society (https://www.austincss.com/Resources/Documents/Cold%20Hardy%20Cacti%20and%20Succulents%2003-11.pdf),Provide excellent drainage,
165,Echinocereus,stramineus*,,,10,-12,,,,,,Austin Cacti & Succulent Society (https://www.austincss.com/Resources/Documents/Cold%20Hardy%20Cacti%20and%20Succulents%2003-11.pdf),Provide excellent drainage,
166,Echinopsis (Trichocereus),pasacana,,,18,-8,,,,,,Austin Cacti & Succulent Society (https://www.austincss.com/Resources/Documents/Cold%20Hardy%20Cacti%20and%20Succulents%2003-11.pdf),,
167,Echinopsis (Trichocereus),terscheckii,Argentine saguaro,,18,-8,,,,,,Austin Cacti & Succulent Society (https://www.austincss.com/Resources/Documents/Cold%20Hardy%20Cacti%20and%20Succulents%2003-11.pdf),,
168,Echinopsis,hybrids,,,18,-8,,,,,,Austin Cacti & Succulent Society (https://www.austincss.com/Resources/Documents/Cold%20Hardy%20Cacti%20and%20Succulents%2003-11.pdf),,
169,Escobaria (Coryphantha),missouriensis*,,,0,-18,,,,,,Austin Cacti & Succulent Society (https://www.austincss.com/Resources/Documents/Cold%20Hardy%20Cacti%20and%20Succulents%2003-11.pdf),,
170,Espostoa (Vatricania),guentheri,,,20,-7,,,,,,Austin Cacti & Succulent Society (https://www.austincss.com/Resources/Documents/Cold%20Hardy%20Cacti%20and%20Succulents%2003-11.pdf),Provide excellent drainage,
171,Ferocactus,emoryi v. covillei,,,18,-8,,,,,,Austin Cacti & Succulent Society (https://www.austincss.com/Resources/Documents/Cold%20Hardy%20Cacti%20and%20Succulents%2003-11.pdf),,
172,Ferocactus,glaucescens,,,20,-7,,,,,,Austin Cacti & Succulent Society (https://www.austincss.com/Resources/Documents/Cold%20Hardy%20Cacti%20and%20Succulents%2003-11.pdf),,
173,Ferocactus,gracilis,,,20,-7,,,,,,Austin Cacti & Succulent Society (https://www.austincss.com/Resources/Documents/Cold%20Hardy%20Cacti%20and%20Succulents%2003-11.pdf),,
174,Ferocactus,hamatacanthus*,fishhook barrel,,0,-18,,,,,,Austin Cacti & Succulent Society (https://www.austincss.com/Resources/Documents/Cold%20Hardy%20Cacti%20and%20Succulents%2003-11.pdf),,
175,Ferocactus,pilosus (F. stainesii),,,20,-7,,,,,,Austin Cacti & Succulent Society (https://www.austincss.com/Resources/Documents/Cold%20Hardy%20Cacti%20and%20Succulents%2003-11.pdf),,
176,Ferocactus,pottsii,,,20,-7,,,,,,Austin Cacti & Succulent Society (https://www.austincss.com/Resources/Documents/Cold%20Hardy%20Cacti%20and%20Succulents%2003-11.pdf),,
177,Ferocactus,robustus,,,20,-7,,,,,,Austin Cacti & Succulent Society (https://www.austincss.com/Resources/Documents/Cold%20Hardy%20Cacti%20and%20Succulents%2003-11.pdf),,
178,Ferocactus,wislizeni*,Arizona barrel,,5,-15,,,,,,Austin Cacti & Succulent Society (https://www.austincss.com/Resources/Documents/Cold%20Hardy%20Cacti%20and%20Succulents%2003-11.pdf),,
179,Gymnocalycium,marsoneri,,,20,-7,,,,,,Austin Cacti & Succulent Society (https://www.austincss.com/Resources/Documents/Cold%20Hardy%20Cacti%20and%20Succulents%2003-11.pdf),,
180,Mammillaria,heyderi*,pincushion cactus,,15,-9,,,,,,Austin Cacti & Succulent Society (https://www.austincss.com/Resources/Documents/Cold%20Hardy%20Cacti%20and%20Succulents%2003-11.pdf),,
181,Mammillaria,prolifera ssp. texana*,(M. multiceps),,20,-7,,,,,,Austin Cacti & Succulent Society (https://www.austincss.com/Resources/Documents/Cold%20Hardy%20Cacti%20and%20Succulents%2003-11.pdf),,
182,Mammillaria,sphaerica*,,,18,-8,,,,,,Austin Cacti & Succulent Society (https://www.austincss.com/Resources/Documents/Cold%20Hardy%20Cacti%20and%20Succulents%2003-11.pdf),,
183,Neobuxbaumia,polylopha,Aztec column,,20,-7,,,,,,Austin Cacti & Succulent Society (https://www.austincss.com/Resources/Documents/Cold%20Hardy%20Cacti%20and%20Succulents%2003-11.pdf),,
184,Opuntia,cacanapa cv. “Ellisiana”,spineless prickly pear,,10,-12,,,,,,Austin Cacti & Succulent Society (https://www.austincss.com/Resources/Documents/Cold%20Hardy%20Cacti%20and%20Succulents%2003-11.pdf),,
185,Opuntia,engelmannii v. linguiformis*,cow’s tongue prickly pear,,10,-12,,,,,,Austin Cacti & Succulent Society (https://www.austincss.com/Resources/Documents/Cold%20Hardy%20Cacti%20and%20Succulents%2003-11.pdf),,
186,Opuntia,engelmannii v. lindheimeri*,Texas prickly pear,,10,-12,,,,,,Austin Cacti & Succulent Society (https://www.austincss.com/Resources/Documents/Cold%20Hardy%20Cacti%20and%20Succulents%2003-11.pdf),,
187,Opuntia,macrocentra*,long-spine purple prickly pear,,10,-12,,,,,,Austin Cacti & Succulent Society (https://www.austincss.com/Resources/Documents/Cold%20Hardy%20Cacti%20and%20Succulents%2003-11.pdf),,
188,Opuntia,microdasys,yellow bunny ears prickly pear,,18,-8,,,,,,Austin Cacti & Succulent Society (https://www.austincss.com/Resources/Documents/Cold%20Hardy%20Cacti%20and%20Succulents%2003-11.pdf),Beware of the glochids on this plant,
189,Opuntia,microdasys v. rufida*,red bunny ears prickly pear,,15,-9,,,,,,Austin Cacti & Succulent Society (https://www.austincss.com/Resources/Documents/Cold%20Hardy%20Cacti%20and%20Succulents%2003-11.pdf),Beware of the glochids on this plant,
190,Opuntia,macrorhiza*,plains prickly pear,,0,-18,,,,,,Austin Cacti & Succulent Society (https://www.austincss.com/Resources/Documents/Cold%20Hardy%20Cacti%20and%20Succulents%2003-11.pdf),,
191,Opuntia,santa rita*,,,0,-18,,,,,,Austin Cacti & Succulent Society (https://www.austincss.com/Resources/Documents/Cold%20Hardy%20Cacti%20and%20Succulents%2003-11.pdf),,
192,Opuntia,strigil*,marble-fruit prickly pear,,10,-12,,,,,,Austin Cacti & Succulent Society (https://www.austincss.com/Resources/Documents/Cold%20Hardy%20Cacti%20and%20Succulents%2003-11.pdf),,
193,Oreocereus,trollii,old man of the mountain,,18,-8,,,,,,Austin Cacti & Succulent Society (https://www.austincss.com/Resources/Documents/Cold%20Hardy%20Cacti%20and%20Succulents%2003-11.pdf),,
194,Thelocactus,bicolor*,glory of Texas,,18,-8,,,,,,Austin Cacti & Succulent Society (https://www.austincss.com/Resources/Documents/Cold%20Hardy%20Cacti%20and%20Succulents%2003-11.pdf),,
195,Thelocactus,setispinus*,"twisted-rib cactus,  (Ferocactus/Hamatocactus bicolor)",,15,-9,,,,,,Austin Cacti & Succulent Society (https://www.austincss.com/Resources/Documents/Cold%20Hardy%20Cacti%20and%20Succulents%2003-11.pdf),,
196,Agave,americana,"century plant, maguey",,15,-9,,,,,,Austin Cacti & Succulent Society (https://www.austincss.com/Resources/Documents/Cold%20Hardy%20Cacti%20and%20Succulents%2003-11.pdf),,
197,Agave,americana v. marginata,,,20,-7,,,,,,Austin Cacti & Succulent Society (https://www.austincss.com/Resources/Documents/Cold%20Hardy%20Cacti%20and%20Succulents%2003-11.pdf),Can burn some in low 20’s,
198,Agave,americana v. medio-picta alba,,,15,-9,,,,,,Austin Cacti & Succulent Society (https://www.austincss.com/Resources/Documents/Cold%20Hardy%20Cacti%20and%20Succulents%2003-11.pdf),Can burn some in low 20’s,
199,Agave,bracteosa,squid agave,,15,-9,,,,,,Austin Cacti & Succulent Society (https://www.austincss.com/Resources/Documents/Cold%20Hardy%20Cacti%20and%20Succulents%2003-11.pdf),,
200,Agave,colorata,,,17,-8,,,,,,Austin Cacti & Succulent Society (https://www.austincss.com/Resources/Documents/Cold%20Hardy%20Cacti%20and%20Succulents%2003-11.pdf),,
201,Agave,havardiana*,,,-10,-23,,,,,,Austin Cacti & Succulent Society (https://www.austincss.com/Resources/Documents/Cold%20Hardy%20Cacti%20and%20Succulents%2003-11.pdf),Provide excellent drainage,
202,Agave,lechuguilla*,shin dagger,,0,-18,,,,,,Austin Cacti & Succulent Society (https://www.austincss.com/Resources/Documents/Cold%20Hardy%20Cacti%20and%20Succulents%2003-11.pdf),,
203,Agave,lophantha* “compact form”,,,10,-12,,,,,,Austin Cacti & Succulent Society (https://www.austincss.com/Resources/Documents/Cold%20Hardy%20Cacti%20and%20Succulents%2003-11.pdf),Much nicer form of the species,
204,Agave,lophantha* “Quadricolor”,,,18,-8,,,,,,Austin Cacti & Succulent Society (https://www.austincss.com/Resources/Documents/Cold%20Hardy%20Cacti%20and%20Succulents%2003-11.pdf),,
205,Agave,parryi ssp. neomexicana*,,,-20,-29,,,,,,Austin Cacti & Succulent Society (https://www.austincss.com/Resources/Documents/Cold%20Hardy%20Cacti%20and%20Succulents%2003-11.pdf),Provide excellent drainage,
206,Agave,ocahui,,,15,-9,,,,,,Austin Cacti & Succulent Society (https://www.austincss.com/Resources/Documents/Cold%20Hardy%20Cacti%20and%20Succulents%2003-11.pdf),,
207,Agave,ovatifolia,whale’s tongue agave,,5,-15,,,,,,Austin Cacti & Succulent Society (https://www.austincss.com/Resources/Documents/Cold%20Hardy%20Cacti%20and%20Succulents%2003-11.pdf),,
208,Agave,parrasana,,,10,-12,,,,,,Austin Cacti & Succulent Society (https://www.austincss.com/Resources/Documents/Cold%20Hardy%20Cacti%20and%20Succulents%2003-11.pdf),Some clones are less hardy,
209,Agave,parryi var. parryi,,,-20,-29,,,,,,Austin Cacti & Succulent Society (https://www.austincss.com/Resources/Documents/Cold%20Hardy%20Cacti%20and%20Succulents%2003-11.pdf),,
210,Agave,parryi var. parryi “Estrella”,,,15,-9,,,,,,Austin Cacti & Succulent Society (https://www.austincss.com/Resources/Documents/Cold%20Hardy%20Cacti%20and%20Succulents%2003-11.pdf),Leaves burn back when too dry,
211,Agave,parryi var. truncata,,,15,-9,,,,,,Austin Cacti & Succulent Society (https://www.austincss.com/Resources/Documents/Cold%20Hardy%20Cacti%20and%20Succulents%2003-11.pdf),,
212,Agave,salmiana,maguey de pulque,,5,-15,,,,,,Austin Cacti & Succulent Society (https://www.austincss.com/Resources/Documents/Cold%20Hardy%20Cacti%20and%20Succulents%2003-11.pdf),,
213,Agave,scabra,,,10,-12,,,,,,Austin Cacti & Succulent Society (https://www.austincss.com/Resources/Documents/Cold%20Hardy%20Cacti%20and%20Succulents%2003-11.pdf),,
214,Agave,schidigera,,,15,-9,,,,,,Austin Cacti & Succulent Society (https://www.austincss.com/Resources/Documents/Cold%20Hardy%20Cacti%20and%20Succulents%2003-11.pdf),,
215,Agave,striata,,,15,-9,,,,,,Austin Cacti & Succulent Society (https://www.austincss.com/Resources/Documents/Cold%20Hardy%20Cacti%20and%20Succulents%2003-11.pdf),,
216,Agave,victoriae-reginae,Queen Victoria agave,,10,-12,,,,,,Austin Cacti & Succulent Society (https://www.austincss.com/Resources/Documents/Cold%20Hardy%20Cacti%20and%20Succulents%2003-11.pdf),Provide excellent drainage,
217,Agave,weberi,,,12,-11,,,,,,Austin Cacti & Succulent Society (https://www.austincss.com/Resources/Documents/Cold%20Hardy%20Cacti%20and%20Succulents%2003-11.pdf),,
218,Agave,“leopoldii”,,,17,-8,,,,,,Austin Cacti & Succulent Society (https://www.austincss.com/Resources/Documents/Cold%20Hardy%20Cacti%20and%20Succulents%2003-11.pdf),,
219,Agave,“sharkskin”,,,10,-12,,,,,,Austin Cacti & Succulent Society (https://www.austincss.com/Resources/Documents/Cold%20Hardy%20Cacti%20and%20Succulents%2003-11.pdf),,
220,Agave,xylonacantha,,,12,-11,,,,,,Austin Cacti & Succulent Society (https://www.austincss.com/Resources/Documents/Cold%20Hardy%20Cacti%20and%20Succulents%2003-11.pdf),,
221,Aloe,brevifolia,,,20,-7,,,,,,Austin Cacti & Succulent Society (https://www.austincss.com/Resources/Documents/Cold%20Hardy%20Cacti%20and%20Succulents%2003-11.pdf),,
222,Aloe,ciliaris,,,20,-7,,,,,,Austin Cacti & Succulent Society (https://www.austincss.com/Resources/Documents/Cold%20Hardy%20Cacti%20and%20Succulents%2003-11.pdf),,
223,Aloe,dewetii,,,20,-7,,,,,,Austin Cacti & Succulent Society (https://www.austincss.com/Resources/Documents/Cold%20Hardy%20Cacti%20and%20Succulents%2003-11.pdf),,
224,Aloe,ferox,,,20,-7,,,,,,Austin Cacti & Succulent Society (https://www.austincss.com/Resources/Documents/Cold%20Hardy%20Cacti%20and%20Succulents%2003-11.pdf),,
225,Aloe,marlothii,,,20,-7,,,,,,Austin Cacti & Succulent Society (https://www.austincss.com/Resources/Documents/Cold%20Hardy%20Cacti%20and%20Succulents%2003-11.pdf),Aloes can handle freezing temperatures for brief periods. They require protection when freezing temperatures persist.,
226,Aloe,nobilis,,,low 20s,-7,,,,,,Austin Cacti & Succulent Society (https://www.austincss.com/Resources/Documents/Cold%20Hardy%20Cacti%20and%20Succulents%2003-11.pdf),Aloes can handle freezing temperatures for brief periods. They require protection when freezing temperatures persist.,
227,Aloe,saponaria,type spotted soap aloe,,20,-7,,,,,,Austin Cacti & Succulent Society (https://www.austincss.com/Resources/Documents/Cold%20Hardy%20Cacti%20and%20Succulents%2003-11.pdf),Aloes can handle freezing temperatures for brief periods. They require protection when freezing temperatures persist.,
228,Aloe,spinosissima,(A. aborescens x A. humilis echinata),,low 20s,-7,,,,,,Austin Cacti & Succulent Society (https://www.austincss.com/Resources/Documents/Cold%20Hardy%20Cacti%20and%20Succulents%2003-11.pdf),Aloes can handle freezing temperatures for brief periods. They require protection when freezing temperatures persist.,
229,Aloe,striata,,,20,-7,,,,,,Austin Cacti & Succulent Society (https://www.austincss.com/Resources/Documents/Cold%20Hardy%20Cacti%20and%20Succulents%2003-11.pdf),Aloes can handle freezing temperatures for brief periods. They require protection when freezing temperatures persist.,
230,Aloe,striatula,,,18,-8,,,,,,Austin Cacti & Succulent Society (https://www.austincss.com/Resources/Documents/Cold%20Hardy%20Cacti%20and%20Succulents%2003-11.pdf),Aloes can handle freezing temperatures for brief periods. They require protection when freezing temperatures persist.,
231,Aloe,cv. “blue elf”,,,low 20s,-7,,,,,,Austin Cacti & Succulent Society (https://www.austincss.com/Resources/Documents/Cold%20Hardy%20Cacti%20and%20Succulents%2003-11.pdf),Aloes can handle freezing temperatures for brief periods. They require protection when freezing temperatures persist.,
232,Calibanus,hookeri,,,17,-8,,,,,,Austin Cacti & Succulent Society (https://www.austincss.com/Resources/Documents/Cold%20Hardy%20Cacti%20and%20Succulents%2003-11.pdf),,
233,Dasylirion,acrotriche,,,15,-9,,,,,,Austin Cacti & Succulent Society (https://www.austincss.com/Resources/Documents/Cold%20Hardy%20Cacti%20and%20Succulents%2003-11.pdf),,
234,Dasylirion,berlandieri,,,10,-12,,,,,,Austin Cacti & Succulent Society (https://www.austincss.com/Resources/Documents/Cold%20Hardy%20Cacti%20and%20Succulents%2003-11.pdf),,
235,Dasylirion,miquihuanensis,,,15,-9,,,,,,Austin Cacti & Succulent Society (https://www.austincss.com/Resources/Documents/Cold%20Hardy%20Cacti%20and%20Succulents%2003-11.pdf),,
236,Dasylirion,quadrangulatum,Mexican grass tree,,15,-9,,,,,,Austin Cacti & Succulent Society (https://www.austincss.com/Resources/Documents/Cold%20Hardy%20Cacti%20and%20Succulents%2003-11.pdf),,
237,Dasylirion,texanum*,Texas sotol,,5,-15,,,,,,Austin Cacti & Succulent Society (https://www.austincss.com/Resources/Documents/Cold%20Hardy%20Cacti%20and%20Succulents%2003-11.pdf),,
238,Dasylirion,wheeleri*,blue sotol,,0,-18,,,,,,Austin Cacti & Succulent Society (https://www.austincss.com/Resources/Documents/Cold%20Hardy%20Cacti%20and%20Succulents%2003-11.pdf),,
239,Delosperma,ALL,ice plant,,-15,-26,,,,,,Austin Cacti & Succulent Society (https://www.austincss.com/Resources/Documents/Cold%20Hardy%20Cacti%20and%20Succulents%2003-11.pdf),,
240,Dyckia,encholirioides,,,low 20s,-7,,,,,,Austin Cacti & Succulent Society (https://www.austincss.com/Resources/Documents/Cold%20Hardy%20Cacti%20and%20Succulents%2003-11.pdf),,
241,Dyckia,platyphylla,,,low 20s,-7,,,,,,Austin Cacti & Succulent Society (https://www.austincss.com/Resources/Documents/Cold%20Hardy%20Cacti%20and%20Succulents%2003-11.pdf),Provide excellent drainage,
242,Dyckia,cv. “Cherries Foster”,,,low 20s,-7,,,,,,Austin Cacti & Succulent Society (https://www.austincss.com/Resources/Documents/Cold%20Hardy%20Cacti%20and%20Succulents%2003-11.pdf),,
243,Euphorbia,antisyphilitica*,candelilla,,at least 15,-9,,,,,,Austin Cacti & Succulent Society (https://www.austincss.com/Resources/Documents/Cold%20Hardy%20Cacti%20and%20Succulents%2003-11.pdf),,
244,Euphorbia,resinifera,,,at least 18,-8,,,,,,Austin Cacti & Succulent Society (https://www.austincss.com/Resources/Documents/Cold%20Hardy%20Cacti%20and%20Succulents%2003-11.pdf),,
245,Cylindropuntia,imbricata,,,-15,-26,,,,,,Colorado State (https://fremont.extension.colostate.edu/wp-content/uploads/sites/59/2019/12/CMG-2019-cacti-webinar.pdf),,
246,Cylindropuntia,echinocarpa,,,-15,-26,,,,,,Colorado State (https://fremont.extension.colostate.edu/wp-content/uploads/sites/59/2019/12/CMG-2019-cacti-webinar.pdf),,
247,Cylindropuntia,kleiniae,,,-20,-29,,,,,,Colorado State (https://fremont.extension.colostate.edu/wp-content/uploads/sites/59/2019/12/CMG-2019-cacti-webinar.pdf),,
248,Cylindropuntia,leptocaulis,,,-20,-29,,,,,,Colorado State (https://fremont.extension.colostate.edu/wp-content/uploads/sites/59/2019/12/CMG-2019-cacti-webinar.pdf),,
249,Cylindropuntia,spinosior,,,-15,-26,,,,,,Colorado State (https://fremont.extension.colostate.edu/wp-content/uploads/sites/59/2019/12/CMG-2019-cacti-webinar.pdf),,
250,Cylindropuntia,whipplei “Snow Leopard”,Whipple’s cholla,,-25,-32,,,,,,Colorado State (https://fremont.extension.colostate.edu/wp-content/uploads/sites/59/2019/12/CMG-2019-cacti-webinar.pdf),,
251,Echinocereus,triglochidiatus var. gonacanthus (White Sands form),Claret Cup,,-20,-29,,,,,,Colorado State (https://fremont.extension.colostate.edu/wp-content/uploads/sites/59/2019/12/CMG-2019-cacti-webinar.pdf),,
252,Coryphantha,vivipara,,,-20,-29,,,,,,Colorado State (https://fremont.extension.colostate.edu/wp-content/uploads/sites/59/2019/12/CMG-2019-cacti-webinar.pdf),,
253,Coryphantha,sulcata,,,-10,-23,,,,,,Colorado State (https://fremont.extension.colostate.edu/wp-content/uploads/sites/59/2019/12/CMG-2019-cacti-webinar.pdf),PERFECT winter drainage to survive,
254,Pediocactus,simpsonii,Mountain Ball Cactus,,,,(Zone 2),,,,,Colorado State (https://fremont.extension.colostate.edu/wp-content/uploads/sites/59/2019/12/CMG-2019-cacti-webinar.pdf),,
255,Escobaria,missouriensis,,,-25,-32,,,,FULL,,Colorado State (https://fremont.extension.colostate.edu/wp-content/uploads/sites/59/2019/12/CMG-2019-cacti-webinar.pdf),excellent drainage,
256,Echinocereus,viridiflorus,Hedgehog cacti,,-20,-29,,,,,,Colorado State (https://fremont.extension.colostate.edu/wp-content/uploads/sites/59/2019/12/CMG-2019-cacti-webinar.pdf),Smells like lemon,
257,Echinocereus,reichenbachii,Lace cactus,,-25,-32,,,,,,Colorado State (https://fremont.extension.colostate.edu/wp-content/uploads/sites/59/2019/12/CMG-2019-cacti-webinar.pdf),,
258,Escobaria*,sneedii var. leei,,,-20,-29,,,,FULL,,Colorado State (https://fremont.extension.colostate.edu/wp-content/uploads/sites/59/2019/12/CMG-2019-cacti-webinar.pdf),excellent drainage,Native to the Great Plains
259,Agave,havardiana,,,-15 to -20,-26,,,,,,Colorado State (https://fremont.extension.colostate.edu/wp-content/uploads/sites/59/2019/12/CMG-2019-cacti-webinar.pdf),,
260,Agave,parryi var. parryi,,,-15 to -20,-26,,,,,,Colorado State (https://fremont.extension.colostate.edu/wp-content/uploads/sites/59/2019/12/CMG-2019-cacti-webinar.pdf),,
261,Agave,utahensis,,,-15 to -20,-26,,,,,,Colorado State (https://fremont.extension.colostate.edu/wp-content/uploads/sites/59/2019/12/CMG-2019-cacti-webinar.pdf),,
262,Yucca,neomexicana,,,,,(Zone 5),,,,,Colorado State (https://fremont.extension.colostate.edu/wp-content/uploads/sites/59/2019/12/CMG-2019-cacti-webinar.pdf),"Needs excellent drainage. Small, compact yucca (8-12 inches across).",
263,Echinocactus,coccinus var. inermis,Spineless Claret Cup,,,,,,,,,,,
264,Opuntia,engelmannii var. aciculata,Cowboy Red Whisker/Cheneille Prickly Pear,,,,,,,,,,,